USE biuro;
GO

INSERT INTO Lokalizacja (nazwa_miasta, wojewodztwo) VALUES
('Warszawa', 'Mazowieckie'),
('Kraków', 'Małopolskie'),
('Wrocław', 'Dolnośląskie'),
('Gdańsk', 'Pomorskie'),
('Poznań', 'Wielkopolskie'),
('Łódź', 'Łódzkie'),
('Szczecin', 'Zachodniopomorskie'),
('Lublin', 'Lubelskie'),
('Katowice', 'Śląskie'),
('Gdynia', 'Pomorskie'),

('Kołobrzeg', 'Zachodniopomorskie'),
('Mielno', 'Zachodniopomorskie'),
('Goleniów', 'Zachodniopomorskie'),
('Zielona Góra', 'Lubuskie'),
('Świdnica', 'Dolnośląskie'),
('Głogów', 'Dolnośląskie'),
('Lubin', 'Dolnośląskie'),
('Opole', 'Opolskie'),
('Nysa', 'Opolskie'),
('Kluczbork', 'Opolskie');

INSERT INTO Udogodnienie (id_udogodnienia, nazwa) VALUES
(1, 'Balkon'),
(2, 'Garaż podziemny'),
(3, 'Winda'),
(4, 'Ogródek'),
(5, 'Klimatyzacja'),
(6, 'Ochrona/Monitoring'),
(7, 'Piwnica'),
(8, 'Basen'),
(9, 'Siłownia'),
(10, 'Recepcja');


INSERT INTO Osoba (PESEL, imie, nazwisko, nr_telefonu) VALUES
('80010112345', 'Jan', 'Kowalski', '500100100'),
('81020223456', 'Anna', 'Nowak', '500100101'),
('82030334567', 'Piotr', 'Wiśniewski', '500100102'),
('83040445678', 'Maria', 'Wójcik', '500100103'),
('84050556789', 'Krzysztof', 'Kowalczyk', '500100104'),
('85060667890', 'Agnieszka', 'Kamińska', '500100105'),
('86070778901', 'Tomasz', 'Lewandowski', '500100106'),
('87080889012', 'Barbara', 'Zielińska', '500100107'),
('88090990123', 'Paweł', 'Szymański', '500100108'),
('89101001234', 'Ewa', 'Woźniak', '500100109'),
('90111112345', 'Michał', 'Dąbrowski', '500100110'),
('91121223456', 'Katarzyna', 'Kozłowska', '500100111'),
('92011334567', 'Marcin', 'Jankowski', '500100112'),
('93021445678', 'Małgorzata', 'Mazur', '500100113'),
('94031556789', 'Andrzej', 'Kwiatkowski', '500100114'),
('95041667890', 'Joanna', 'Krawczyk', '500100115'),
('96051778901', 'Grzegorz', 'Piotrowski', '500100116'),
('97061889012', 'Aleksandra', 'Grabowska', '500100117'),
('98071990123', 'Adam', 'Nowakowski', '500100118'),
('99082001234', 'Magdalena', 'Pawłowska', '500100119'),
('80012112345', 'Robert', 'Michalski', '600200200'),
('81022223456', 'Monika', 'Król', '600200201'),
('82032334567', 'Mateusz', 'Wieczorek', '600200202'),
('83042445678', 'Zofia', 'Jabłońska', '600200203'),
('84052556789', 'Łukasz', 'Wróbel', '600200204'),
('85062667890', 'Dorota', 'Nowak', '600200205'),
('86072778901', 'Kamil', 'Majewski', '600200206'),
('87082889012', 'Karolina', 'Olszewska', '600200207'),
('88092990123', 'Dariusz', 'Stępień', '600200208'),
('89103001234', 'Natalia', 'Malinowska', '600200209'),
('90113112345', 'Mariusz', 'Jaworski', '600200210'),
('91123223456', 'Iwona', 'Adamczyk', '600200211'),
('92013334567', 'Rafał', 'Dudek', '600200212'),
('93023445678', 'Justyna', 'Górska', '600200213'),
('94033556789', 'Wojciech', 'Witkowski', '600200214'),
('95043667890', 'Alicja', 'Walczak', '600200215'),
('96053778901', 'Jacek', 'Sikora', '600200216'),
('97063889012', 'Marta', 'Baran', '600200217'),
('98073990123', 'Szymon', 'Rutkowski', '600200218'),
('99084001234', 'Patrycja', 'Michalak', '600200219');

INSERT INTO Wlasciciel (id_wlasciciela, PESEL) VALUES
(1, '80010112345'), (2, '81020223456'), (3, '82030334567'), (4, '83040445678'),
(5, '84050556789'), (6, '85060667890'), (7, '86070778901'), (8, '87080889012'),
(9, '88090990123'), (10, '89101001234'), (11, '90111112345'), (12, '91121223456'),
(13, '92011334567'), (14, '93021445678'), (15, '94031556789'), (16, '95041667890'),
(17, '96051778901'), (18, '97061889012'), (19, '98071990123'), (20, '99082001234');

INSERT INTO Kupujacy (id_kupujacego, PESEL) VALUES
(1, '80012112345'), (2, '81022223456'), (3, '82032334567'), (4, '83042445678'),
(5, '84052556789'), (6, '85062667890'), (7, '86072778901'), (8, '87082889012'),
(9, '88092990123'), (10, '89103001234'), (11, '90113112345'), (12, '91123223456'),
(13, '92013334567'), (14, '93023445678'), (15, '94033556789'), (16, '95043667890'),
(17, '96053778901'), (18, '97063889012'), (19, '98073990123'), (20, '99084001234');


INSERT INTO Nieruchomosc (id_nieruchomosci, adres, metraz, pietro, liczba_pokoi, stan, id_wlasciciela, nazwa_miasta) VALUES
(1, 'Marszałkowska 1', 50.50, 2, 2, 'Dobry', 1, 'Warszawa'),
(2, 'Aleje Jerozolimskie 10', 35.00, 4, 1, 'Do remontu', 2, 'Warszawa'),
(3, 'Długa 5', 75.00, 1, 4, 'Bardzo dobry', 3, 'Kraków'),
(4, 'Floriańska 12', 45.20, 0, 2, 'Nowy', 4, 'Kraków'),
(5, 'Rynek 15', 60.00, 3, 3, 'Dobry', 5, 'Wrocław'),
(6, 'Legnicka 20', 80.00, 5, 4, 'Deweloperski', 6, 'Wrocław'),
(7, 'Długa 100', 40.00, 2, 2, 'Dobry', 7, 'Gdańsk'),
(8, 'Mariacka 3', 120.00, 1, 5, 'Wysoki standard', 8, 'Gdańsk'),
(9, 'Świętojańska 5', 55.50, 3, 3, 'Do odświeżenia', 9, 'Gdynia'),
(10, 'Morska 22', 48.00, 6, 2, 'Dobry', 10, 'Gdynia'),
(11, 'Półwiejska 8', 30.00, 2, 1, 'Do remontu', 11, 'Poznań'),
(12, 'Głogowska 40', 65.00, 1, 3, 'Dobry', 12, 'Poznań'),
(13, 'Piotrkowska 55', 70.00, 2, 3, 'Wysoki standard', 13, 'Łódź'),
(14, 'Narutowicza 12', 42.00, 4, 2, 'Dobry', 14, 'Łódź'),
(15, 'Wojska Polskiego 5', 50.00, 1, 2, 'Do remontu', 15, 'Szczecin'),
(16, 'Piastów 10', 85.00, 3, 4, 'Nowy', 16, 'Szczecin'),
(17, 'Krakowskie Przedmieście 1', 60.00, 2, 3, 'Dobry', 17, 'Lublin'),
(18, 'Lipowa 7', 38.00, 0, 1, 'Średni', 18, 'Lublin'),
(19, '3 Maja 15', 55.00, 4, 2, 'Do odświeżenia', 19, 'Katowice'),
(20, 'Chorzowska 50', 90.00, 7, 4, 'Apartament', 20, 'Katowice'),
(21, 'Złota 44', 100.00, 20, 3, 'Luksusowy', 1, 'Warszawa'), --drugie i kolejne mieszkania
(22, 'Grodzka 5', 40.00, 1, 2, 'Dobry', 3, 'Kraków'),
(23, 'Szewska 1', 50.00, 2, 2, 'Do remontu', 5, 'Wrocław'),
(24, 'Długa 200', 35.00, 4, 1, 'Dobry', 1, 'Gdańsk'),
(25, 'Młyńska 2', 45.00, 2, 2, 'Nowy', 11, 'Poznań');

INSERT INTO Oferta (id_oferty, cena, data_publikacji, marza, status, id_nieruchomosci) VALUES
(1, 650000.00, '2023-01-10', 0.03, 'Zrealizowana', 1),
(2, 350000.00, '2023-01-15', 0.03, 'Zrealizowana', 2),
(3, 800000.00, '2023-02-01', 0.04, 'Zrealizowana', 3),
(4, 550000.00, '2023-02-10', 0.03, 'Zrealizowana', 4),
(5, 600000.00, '2023-02-20', 0.03, 'Zrealizowana', 5),
(6, 750000.00, '2023-03-01', 0.02, 'Zrealizowana', 6),
(7, 480000.00, '2023-03-05', 0.03, 'Zrealizowana', 7),
(8, 1500000.00, '2023-03-15', 0.05, 'Zrealizowana', 8),
(9, 580000.00, '2023-04-01', 0.03, 'Zrealizowana', 9),
(10, 500000.00, '2023-04-10', 0.03, 'Zrealizowana', 10),
(11, 320000.00, '2023-04-20', 0.03, 'Zrealizowana', 11),
(12, 590000.00, '2023-05-01', 0.03, 'Zrealizowana', 12),
(13, 620000.00, '2023-05-10', 0.03, 'Zrealizowana', 13),
(14, 380000.00, '2023-05-15', 0.03, 'Zrealizowana', 14),
(15, 400000.00, '2023-06-01', 0.03, 'Zrealizowana', 15),
(16, 700000.00, '2023-06-10', 0.03, 'Zrealizowana', 16),
(17, 520000.00, '2023-06-20', 0.03, 'Zrealizowana', 17),
(18, 300000.00, '2023-07-01', 0.03, 'Zrealizowana', 18),
(19, 450000.00, '2023-07-05', 0.03, 'Zrealizowana', 19),
(20, 850000.00, '2023-07-15', 0.04, 'Zrealizowana', 20),
(21, 2500000.00, '2023-11-01', 0.05, 'Aktywna', 21),
(22, 530000.00, '2023-11-05', 0.03, 'Aktywna', 22),
(23, 490000.00, '2023-11-10', 0.03, 'Aktywna', 23),
(24, 420000.00, '2023-11-15', 0.03, 'Aktywna', 24),
(25, 510000.00, '2023-11-20', 0.03, 'Aktywna', 25);

INSERT INTO Transakcja (id_transakcji, cena_sprzedazy, data_sprzedazy, id_oferty, id_kupujacego) VALUES
(1, 640000.00, '2023-02-10', 1, 1),
(2, 345000.00, '2023-02-20', 2, 2),
(3, 790000.00, '2023-03-10', 3, 3),
(4, 540000.00, '2023-03-20', 4, 4),
(5, 595000.00, '2023-04-01', 5, 5),
(6, 740000.00, '2023-04-10', 6, 6),
(7, 470000.00, '2023-04-15', 7, 7),
(8, 1480000.00, '2023-04-20', 8, 8),
(9, 570000.00, '2023-05-10', 9, 9),
(10, 495000.00, '2023-05-20', 10, 10),
(11, 315000.00, '2023-06-01', 11, 11),
(12, 580000.00, '2023-06-15', 12, 12),
(13, 610000.00, '2023-06-25', 13, 13),
(14, 370000.00, '2023-07-01', 14, 14),
(15, 390000.00, '2023-07-10', 15, 15),
(16, 690000.00, '2023-07-20', 16, 16),
(17, 510000.00, '2023-08-01', 17, 17),
(18, 290000.00, '2023-08-15', 18, 18),
(19, 440000.00, '2023-08-20', 19, 19),
(20, 840000.00, '2023-09-01', 20, 20);


INSERT INTO Zapotrzebowanie (id_zapotrzebowania, pref_liczba_pokoi, budzet, pref_pietro, pref_metraz, pref_stan, data, id_kupujacego, lokalizacja) VALUES
(1, 2, 700000.00, 2, 50.00, 'Dobry', '2023-01-01', 1, 'Warszawa'),
(2, 1, 400000.00, NULL, NULL, NULL, '2023-01-05', 2, 'Warszawa'),
(3, 4, 850000.00, 1, 70.00, 'Bardzo dobry', '2023-01-10', 3, 'Kraków'),
(4, 2, 600000.00, 0, 45.00, 'Nowy', '2023-01-15', 4, 'Kraków'),
(5, 3, 650000.00, NULL, 60.00, 'Dobry', '2023-01-20', 5, 'Wrocław'),
(6, 4, 800000.00, 5, 80.00, 'Deweloperski', '2023-02-01', 6, 'Wrocław'),
(7, 2, 500000.00, 2, 40.00, 'Dobry', '2023-02-05', 7, 'Gdańsk'),
(8, 5, 1600000.00, NULL, 120.00, 'Wysoki standard', '2023-02-10', 8, 'Gdańsk'),
(9, 3, 600000.00, 3, 55.00, 'Do remontu', '2023-02-15', 9, 'Gdynia'),
(10, 2, 550000.00, NULL, 50.00, 'Dobry', '2023-02-20', 10, 'Gdynia'),
(11, 1, 350000.00, 2, 30.00, 'Do remontu', '2023-03-01', 11, 'Poznań'),
(12, 3, 600000.00, 1, 65.00, 'Dobry', '2023-03-05', 12, 'Poznań'),
(13, 3, 650000.00, 2, 70.00, 'Wysoki standard', '2023-03-10', 13, 'Łódź'),
(14, 2, 400000.00, 4, 40.00, 'Dobry', '2023-03-15', 14, 'Łódź'),
(15, 2, 450000.00, 1, 50.00, 'Do remontu', '2023-04-01', 15, 'Szczecin'),
(16, 4, 750000.00, 3, 85.00, 'Nowy', '2023-04-05', 16, 'Szczecin'),
(17, 3, 550000.00, 2, 60.00, 'Dobry', '2023-04-10', 17, 'Lublin'),
(18, 1, 320000.00, 0, 35.00, 'Średni', '2023-04-15', 18, 'Lublin'),
(19, 2, 500000.00, 4, 55.00, 'Do remontu', '2023-05-01', 19, 'Katowice'),
(20, 4, 900000.00, 7, 90.00, 'Apartament', '2023-05-05', 20, 'Katowice');


INSERT INTO Nieruchomosc_udogodnienia (id_nieruchomosc_udogodnienie, id_nieruchomosci, id_udogodnienia) VALUES
(1, 1, 1), (2, 1, 3), --Balkon, Winda
(3, 2, 7), --Piwnica
(4, 3, 1), (5, 3, 2), --Balkon, Garaż
(6, 4, 5), 
(7, 5, 1), (8, 5, 3),
(9, 6, 2), (10, 6, 3), (11, 6, 6),
(12, 7, 7),
(13, 8, 2), (14, 8, 3), (15, 8, 8),
(16, 9, 1),
(17, 10, 3),
(18, 11, 7),
(19, 12, 1),
(20, 13, 5), (21, 13, 6),
(22, 14, 3),
(23, 15, 7),
(24, 16, 2), (25, 16, 3);

INSERT INTO Zapotrzebowanie_udogodnienia (id_zapotrzebowanie_udogodnienia, id_zapotrzebowania, id_udogodnienia) VALUES
(1, 1, 1), (2, 1, 3),
(3, 2, 7),
(4, 3, 2),
(5, 4, 5),
(6, 5, 1),
(7, 6, 2), (8, 6, 6),
(9, 7, 1),
(10, 8, 8),
(11, 9, 1),
(12, 10, 3),
(13, 11, 7),
(14, 12, 1),
(15, 13, 6),
(16, 14, 3),
(17, 15, 7),
(18, 16, 2),
(19, 17, 1),
(20, 18, 7);

INSERT INTO Oferta_zapotrzebowanie (id_oferta_zapotrzebowanie, id_oferty, id_zapotrzebowania) VALUES
(1, 1, 1),
(2, 2, 2),
(3, 3, 3),
(4, 4, 4),
(5, 5, 5),
(6, 6, 6),
(7, 7, 7),
(8, 8, 8),
(9, 9, 9),
(10, 10, 10),
(11, 11, 11),
(12, 12, 12),
(13, 13, 13),
(14, 14, 14),
(15, 15, 15),
(16, 16, 16),
(17, 17, 17),
(18, 18, 18),
(19, 19, 19),
(20, 20, 20);